TimeStamp [Âµs],47 (ID=0) [pV],48 (ID=1) [pV],46 (ID=2) [pV],45 (ID=3) [pV],38 (ID=4) [pV],37 (ID=5) [pV],28 (ID=6) [pV],36 (ID=7) [pV],27 (ID=8) [pV],17 (ID=9) [pV],26 (ID=10) [pV],16 (ID=11) [pV],35 (ID=12) [pV],25 (ID=13) [pV],Ref (ID=14) [pV],14 (ID=15) [pV],24 (ID=16) [pV],34 (ID=17) [pV],13 (ID=18) [pV],23 (ID=19) [pV],12 (ID=20) [pV],22 (ID=21) [pV],33 (ID=22) [pV],21 (ID=23) [pV],32 (ID=24) [pV],31 (ID=25) [pV],44 (ID=26) [pV],43 (ID=27) [pV],41 (ID=28) [pV],42 (ID=29) [pV],52 (ID=30) [pV],51 (ID=31) [pV],53 (ID=32) [pV],54 (ID=33) [pV],61 (ID=34) [pV],62 (ID=35) [pV],71 (ID=36) [pV],63 (ID=37) [pV],72 (ID=38) [pV],82 (ID=39) [pV],73 (ID=40) [pV],83 (ID=41) [pV],64 (ID=42) [pV],74 (ID=43) [pV],84 (ID=44) [pV],85 (ID=45) [pV],75 (ID=46) [pV],65 (ID=47) [pV],86 (ID=48) [pV],76 (ID=49) [pV],87 (ID=50) [pV],77 (ID=51) [pV],66 (ID=52) [pV],78 (ID=53) [pV],67 (ID=54) [pV],68 (ID=55) [pV],55 (ID=56) [pV],56 (ID=57) [pV],58 (ID=58) [pV],57 (ID=59) [pV]
0,-9119565,-10907715,-8642725,-5960500,-7748650,-9000355,-14007175,-5006820,-7092995,-12099815,-9179170,-5781685,-9715615,-7391020,178815,-7391020,-9417590,-11146135,-10013640,-8404305,-9179170,-8761935,-9059960,-9357985,-11086530,-42915600,-10550085,-11622975,-9179170,-7689045,-9656010,-10550085,-9596405,-8165885,-8165885,-9298380,-9894430,-9954035,-10192455,-10490480,-11265345,-8583120,-10013640,-6496945,-11563370,-9834825,-8940750,-11563370,-10967320,-11563370,-7927465,-8881145,-9715615,-9119565,-8285095,-8523515,-9059960,-9357985,-9477195,-10609690
100,0,-1251705,1847755,-7092995,476840,-1490125,-596050,715260,-1549730,2145780,-476840,-476840,-834470,2980250,-1609335,0,-715260,655655,0,-178815,-596050,-2145780,-3576300,-119210,-2920645,-28193165,-1907360,-1728545,-894075,-2086175,-2145780,-2324595,-3576300,834470,-2801435,-2324595,1192100,1430520,-4351165,715260,-1072890,-1311310,-1728545,-655655,-1549730,-596050,-298025,-2086175,-2563015,-59605,-1072890,357630,476840,894075,-1668940,-834470,-834470,-1668940,476840,-894075
200,6735365,6914180,7569835,8165885,7569835,6437340,10073245,25928175,9596405,5900895,7629440,6735365,7748650,6020105,894075,5781685,5364450,5304845,5662475,6675760,7271810,5126030,6318130,5900895,7212205,-20861750,7569835,4947215,3993535,4351165,6854575,6020105,5781685,6318130,3635905,5245240,5066425,4887610,2563015,7510230,5364450,5364450,5543265,4231955,6496945,7152600,4410770,5066425,4708795,4828005,5900895,6496945,3874325,6675760,5841290,4768400,5781685,5304845,5185635,6556550
300,-119210,1072890,2264990,-1251705,4351165,238420,4887610,16987425,2026570,2145780,1966965,-655655,2086175,2443805,59605,715260,715260,1072890,238420,4231955,5424055,3993535,-178815,476840,1549730,-19073600,178815,59605,-59605,953680,-476840,2086175,1728545,119210,-238420,-119210,655655,1370915,-238420,2205385,596050,1132495,1549730,536445,238420,894075,-953680,834470,357630,-715260,178815,655655,1311310,1430520,2264990,536445,536445,-1788150,953680,2503410
400,-1311310,536445,2205385,-4470375,0,-417235,1788150,-3159065,298025,1966965,59605,1132495,-2205385,715260,-715260,2682225,834470,-476840,-1192100,1847755,953680,1370915,-1370915,2026570,1251705,-15199275,-1013285,-1072890,1311310,2324595,-894075,-1490125,1072890,1132495,-596050,1013285,1430520,3516695,1370915,1966965,-1490125,1847755,-715260,2682225,715260,774865,1311310,774865,417235,596050,59605,59605,894075,-536445,-298025,655655,-774865,59605,1013285,-953680
500,-7092995,-7867860,-5483660,-5483660,-9119565,-8761935,-7808255,-22232665,-7450625,-5722080,-9238775,-5185635,-6616155,-9298380,476840,-5781685,-9477195,-4768400,-7629440,-7152600,-8702330,-7689045,-8702330,-8106280,-7987070,-41365870,-8046675,-6258525,-9119565,-6318130,-9417590,-10311665,-7271810,-6437340,-10073245,-6675760,-8046675,-5424055,-9119565,-8344700,-9894430,-9357985,-3993535,-8881145,-6973785,-8642725,-7033390,-7152600,-8046675,-10132850,-7748650,-5304845,-10073245,-9298380,-8344700,-9059960,-7391020,-7271810,-7450625,-8285095
600,1728545,-1192100,476840,3576300,-1907360,1311310,-1728545,-16450980,178815,-536445,953680,655655,1251705,-536445,-1192100,2682225,238420,3039855,-3039855,0,357630,1370915,1311310,2026570,59605,-28550795,1549730,5364450,-1132495,1668940,-238420,1192100,536445,-2443805,-655655,1370915,1013285,3159065,-953680,119210,894075,-834470,3278275,1072890,1132495,-894075,357630,655655,-238420,-1370915,-119210,-1609335,-59605,-3039855,476840,119210,-1013285,2503410,2503410,-953680
700,4291560,5304845,5185635,2741830,1847755,4172350,1072890,22947925,6794970,7510230,5662475,4172350,3755115,4291560,596050,6794970,4112745,4649190,2622620,3099460,4231955,6675760,3933930,6675760,2324595,-22709505,5662475,4589585,4649190,5066425,3874325,8463910,9238775,3337880,5185635,4410770,4351165,5960500,2682225,5960500,6258525,2801435,5781685,5483660,6675760,4112745,5185635,7867860,4768400,3516695,4529980,3457090,7391020,2920645,4053140,5900895,6079710,2861040,6258525,3695510
800,2205385,5304845,5602870,-953680,1728545,4351165,2622620,20742540,3814720,5185635,3218670,3874325,6318130,4231955,0,6973785,2861040,6794970,2801435,4351165,2324595,6139315,1788150,10550085,5364450,-24199630,5126030,1966965,5006820,5006820,7212205,7927465,9834825,3755115,2861040,3099460,3159065,5662475,2264990,4351165,5483660,4828005,3874325,2861040,3933930,4529980,4649190,5006820,4947215,4887610,4529980,4053140,2920645,3159065,4291560,4768400,5662475,4768400,6735365,4112745
900,953680,2741830,2384200,3933930,2741830,1370915,1251705,2264990,4351165,1013285,2264990,1609335,5185635,3755115,-834470,1490125,4887610,4053140,2980250,1132495,3576300,417235,536445,2026570,1788150,-14543620,3337880,1072890,1192100,417235,3576300,3337880,4708795,4053140,715260,1788150,1847755,4589585,894075,1609335,1251705,3457090,1430520,417235,2384200,894075,3695510,2920645,2920645,0,59605,3933930,1132495,238420,1907360,-1490125,2264990,0,4768400,1311310
1000,3695510,3516695,3337880,9119565,3755115,3516695,5960500,6198920,2503410,5424055,5781685,1430520,3516695,5006820,-1668940,1847755,4589585,2980250,1728545,3933930,4768400,1192100,4351165,4291560,1370915,-2145780,3755115,715260,3337880,2205385,5602870,3039855,6556550,3874325,4351165,4112745,3278275,1668940,3159065,1549730,4231955,1609335,4410770,3874325,4828005,4649190,5066425,3993535,6556550,3755115,3337880,5960500,4708795,1609335,1490125,715260,4410770,5722080,4768400,1847755
1100,3933930,-834470,-59605,2861040,2682225,357630,4112745,-2026570,-1668940,1490125,1490125,-1430520,655655,596050,596050,476840,953680,-2384200,953680,2145780,3099460,-59605,3337880,2563015,4112745,-3457090,1192100,0,2026570,1847755,715260,2086175,1907360,178815,655655,1668940,-1609335,3337880,3695510,1668940,2861040,1549730,3814720,834470,1847755,2443805,1192100,1907360,-357630,2205385,1609335,-1430520,-1430520,1013285,59605,1549730,-178815,953680,-178815,-894075
1200,4410770,-178815,3516695,1072890,3874325,6258525,8821540,-6556550,4351165,6437340,2086175,3039855,5006820,5662475,894075,4649190,3874325,3159065,2741830,3814720,1728545,3457090,5662475,2980250,3576300,-7033390,4410770,4351165,4589585,3814720,4708795,5006820,6020105,5781685,2563015,3039855,4708795,5424055,4351165,3397485,5245240,3814720,3814720,1728545,4053140,3516695,4053140,3218670,2324595,4768400,6318130,3099460,3397485,6139315,3039855,3457090,2682225,2861040,4410770,774865
1300,2741830,-298025,1072890,4708795,1072890,3993535,1788150,-8583120,1668940,3099460,2801435,1907360,3218670,834470,-178815,2443805,596050,715260,2324595,1907360,2145780,536445,1490125,1668940,2145780,-12993890,2086175,2145780,2920645,-894075,2503410,119210,3159065,1072890,-715260,2622620,596050,4112745,2026570,1370915,2741830,2264990,2145780,1192100,2384200,1370915,2324595,1132495,715260,3576300,2980250,715260,1311310,1490125,-476840,-178815,2264990,298025,2503410,953680
1400,-1251705,715260,-2026570,2741830,298025,-1728545,-178815,-10728900,0,1668940,-2205385,-2086175,536445,655655,357630,-1788150,-3159065,-1072890,-1013285,-1192100,-834470,-2086175,-3993535,-4708795,476840,-15020460,1192100,357630,238420,-2205385,-1549730,-476840,1072890,-178815,894075,1430520,-1192100,1668940,-238420,953680,-2682225,-178815,-119210,596050,357630,-2861040,-238420,-834470,-1907360,894075,-1370915,-1072890,-298025,-1370915,-1847755,-1192100,-1490125,-1132495,-1668940,238420
1500,-417235,1311310,1609335,-1788150,774865,1490125,0,-4410770,1251705,1728545,-2503410,-1609335,238420,-1251705,596050,-655655,-1788150,1192100,-1668940,-1609335,1966965,2324595,-2205385,655655,1609335,-6675760,2264990,1132495,476840,834470,0,2086175,4649190,2086175,2443805,1192100,476840,3576300,596050,2563015,-2026570,-596050,-536445,894075,-953680,834470,536445,357630,655655,-536445,-1847755,-1430520,-1549730,-1549730,0,-774865,834470,2980250,476840,-1430520
1600,-2205385,-119210,-953680,-1549730,-476840,655655,1370915,2145780,298025,-655655,-2920645,178815,536445,-1847755,417235,774865,-894075,1072890,0,-1668940,-119210,-1609335,2324595,-2026570,2026570,-8940750,1907360,4351165,-476840,-476840,-1311310,-1549730,-298025,238420,178815,1668940,-1847755,2741830,1072890,1192100,-655655,-1072890,-2264990,-1966965,1728545,-1370915,-417235,-3337880,-1311310,-715260,-1192100,-1549730,834470,-357630,-1251705,-596050,-2861040,-1430520,0,-1013285
1700,894075,-1072890,-1609335,2145780,1728545,1668940,834470,-4112745,4887610,178815,-1192100,-1490125,-1013285,476840,417235,1728545,59605,476840,-715260,715260,715260,596050,2503410,-298025,3695510,-5662475,2264990,2741830,-536445,-1072890,2026570,-2086175,1192100,2801435,2622620,-119210,-119210,4529980,-1013285,2324595,2324595,417235,1609335,4529980,2145780,2264990,298025,655655,1132495,-238420,1847755,-655655,-59605,1788150,834470,-536445,-357630,-238420,953680,3576300
1800,-2086175,-4351165,-5245240,-5364450,-3039855,-536445,-2622620,-16749005,953680,-2801435,-3039855,-3933930,-774865,-1132495,417235,-774865,-1013285,-1728545,-5543265,-4828005,-1251705,-2145780,-2801435,1072890,-178815,-8940750,-1251705,-536445,-2741830,-3457090,-2801435,-4768400,-298025,-2324595,-953680,-4887610,-1847755,-1370915,-3337880,-3755115,-1549730,-3159065,-3933930,-596050,-1013285,-1788150,-3933930,-3159065,-1490125,-1430520,-1132495,-417235,-2086175,-3814720,-1788150,-2741830,119210,-1728545,-3039855,536445
1900,-298025,-3397485,-2205385,7569835,-3695510,-1549730,-3278275,-9954035,774865,-1013285,-2861040,-2622620,0,-1728545,-2086175,1072890,59605,3278275,-2324595,-357630,-417235,-715260,-834470,596050,-2980250,-7331415,-357630,-715260,-3933930,-1668940,-953680,-536445,-417235,-4053140,-953680,-536445,-1132495,-953680,-834470,-1668940,-3814720,-357630,-1609335,-1549730,-2205385,-1132495,-3397485,-4231955,-1966965,-3635905,-2801435,-1966965,-1907360,-3218670,-655655,-3993535,-298025,-2145780,-59605,-298025
2000,1728545,4053140,119210,7450625,953680,2741830,-3039855,-655655,4828005,596050,1192100,3039855,655655,2563015,-1847755,1847755,3635905,1192100,3933930,3576300,2861040,2622620,2563015,3755115,1132495,-6437340,1192100,3516695,357630,-119210,2741830,2205385,596050,-417235,3397485,1490125,-238420,2145780,2145780,4231955,59605,1966965,834470,-536445,1132495,2026570,-1728545,476840,298025,-357630,596050,-59605,2324595,1132495,2205385,-715260,2264990,953680,-238420,1490125
2100,-178815,119210,1370915,1490125,1788150,2861040,-59605,-3218670,1966965,1966965,1132495,5543265,1788150,4351165,-1072890,2205385,4351165,1430520,-238420,2145780,59605,715260,2920645,119210,2801435,-10550085,1370915,-894075,2026570,2980250,2145780,1132495,894075,-834470,2503410,1788150,2145780,2443805,3576300,-476840,417235,1311310,238420,-1370915,1549730,1072890,-238420,-894075,1251705,3039855,-476840,1490125,1966965,298025,1251705,3695510,1490125,655655,1609335,3099460
2200,2086175,3397485,3755115,-1728545,1847755,2086175,2801435,11921000,2682225,1430520,4768400,2741830,4947215,3755115,-357630,2264990,2801435,1370915,1668940,953680,3457090,2384200,2503410,3933930,2384200,-7391020,1549730,3814720,2622620,-119210,1788150,357630,1907360,2324595,3397485,6198920,834470,1132495,1907360,2324595,1549730,2741830,1370915,1132495,536445,2384200,4291560,-119210,3516695,596050,298025,2682225,2324595,2086175,1490125,4828005,4172350,3337880,2563015,3099460
2300,1490125,1013285,2563015,1847755,417235,3218670,2563015,11146135,3814720,1013285,3337880,-2443805,4053140,2920645,-357630,3159065,-1072890,-2443805,1132495,178815,-1192100,2443805,4351165,3218670,2145780,-13530335,1549730,1966965,1072890,-774865,715260,1668940,-2324595,3695510,-119210,1668940,2801435,3278275,715260,2980250,59605,1132495,2205385,1072890,-476840,1728545,3993535,476840,2205385,2741830,-119210,2145780,1430520,4351165,1490125,2682225,476840,1788150,1132495,1251705
2400,1966965,-119210,357630,596050,-1966965,1430520,-1251705,7808255,3457090,1370915,-417235,-2384200,4828005,1370915,-178815,3039855,357630,-238420,-178815,0,-238420,953680,1430520,476840,3039855,-3278275,2205385,1132495,1966965,774865,1311310,1668940,1788150,1788150,-59605,3576300,894075,1907360,834470,596050,1192100,-298025,2622620,476840,2205385,1668940,1430520,1668940,-536445,2145780,-536445,1132495,2682225,3218670,178815,1907360,1609335,1311310,774865,-1072890
2500,5126030,3397485,3278275,-4231955,2145780,5900895,5364450,5602870,4351165,3695510,5662475,3993535,5185635,5662475,536445,2384200,5781685,4708795,834470,1788150,6198920,4828005,6258525,4768400,3635905,5304845,5304845,2145780,6139315,3695510,7212205,3457090,6318130,5722080,3516695,5602870,6139315,2861040,4470375,6198920,3635905,3278275,4708795,3039855,5841290,3516695,5245240,6437340,3337880,7510230,4351165,3993535,4887610,4351165,5722080,5424055,4828005,4529980,5543265,4351165
2600,-834470,-2861040,-2324595,-298025,-1549730,0,-1132495,-13470730,-2980250,-2443805,-1013285,-3159065,-2205385,-2324595,-1072890,-3516695,-953680,894075,-1430520,-4053140,1013285,-1668940,357630,476840,-894075,-7271810,-2980250,-2086175,-1311310,-1788150,2861040,-774865,774865,-1788150,-1192100,-1192100,1072890,-1132495,-2205385,-1013285,-2145780,-1847755,-536445,-1251705,-1132495,-417235,-3457090,-1013285,-2324595,119210,-1072890,-1132495,-774865,-596050,-178815,-1490125,-834470,536445,1728545,-834470
2700,-24140025,-22888320,-21338590,-35882210,-23067135,-18835180,-21278985,-47922420,-21100170,-20980960,-19967675,-22053850,-19550440,-23484370,178815,-20623330,-22649900,-18119920,-20146490,-22292270,-25034100,-21636615,-22590295,-20742540,-17762290,-46372690,-23245950,-20444515,-21755825,-20980960,-18417945,-20742540,-22411480,-18239130,-21636615,-22173060,-22530690,-19729255,-20384910,-19908070,-21398195,-19431230,-20325305,-21815430,-20027280,-22232665,-22888320,-22113455,-20742540,-22471085,-19252415,-20444515,-19669650,-18596760,-20742540,-21815430,-20325305,-18835180,-20742540,-20742540
2800,-6973785,-5126030,-7092995,-13530335,-6794970,-6258525,-4053140,-23305555,-4947215,-4589585,-3337880,-5304845,-2324595,-6616155,298025,-3218670,-3039855,-2324595,-5245240,-7987070,-7033390,-3516695,-3874325,-2264990,-2741830,-44822960,-4112745,-4053140,-5841290,-5841290,-2145780,-4410770,-5304845,-2622620,-5543265,-4708795,-6318130,298025,-5185635,-5006820,-9477195,-7510230,-3397485,-7092995,-5781685,-4291560,-5602870,-4470375,-2145780,-6020105,-3516695,-4708795,-4291560,-4291560,-3695510,-5006820,-3993535,-5543265,-2980250,-5424055
2900,-178815,655655,1013285,-6854575,-357630,-1549730,715260,-5424055,-1370915,-2622620,1907360,-357630,2920645,1072890,953680,1013285,1728545,119210,-357630,-1907360,-655655,-3099460,-178815,1490125,596050,-28550795,536445,2861040,119210,298025,-238420,357630,357630,6377735,59605,1430520,59605,4470375,3516695,1251705,-4351165,-1370915,894075,-834470,-596050,476840,-1907360,-1251705,-894075,2384200,357630,1370915,1311310,1430520,-1311310,1907360,-774865,-834470,0,-894075
3000,4708795,5543265,3814720,-3814720,2264990,2086175,2026570,7271810,4708795,-774865,3278275,4351165,2920645,1311310,-1192100,1847755,4291560,3039855,2801435,2205385,3039855,1668940,1788150,5126030,3874325,-16272165,4053140,655655,298025,2264990,4053140,2801435,3993535,3635905,3755115,4768400,2861040,8165885,2920645,5185635,0,774865,2443805,3099460,3874325,1370915,1668940,2384200,4053140,3874325,3099460,3516695,4291560,5245240,178815,2443805,4410770,4351165,5364450,3635905
3100,6139315,8642725,10252060,5483660,6139315,6139315,9119565,11682580,10430875,6496945,4291560,7510230,8583120,7391020,-1549730,6496945,7092995,7689045,8881145,6377735,9715615,9059960,10848110,9834825,6198920,-18298735,10609690,5900895,9536800,7212205,6020105,7927465,6973785,8702330,9477195,10788505,7569835,8940750,3814720,10371270,8165885,6854575,9298380,8046675,7808255,9417590,10013640,8583120,10013640,9119565,9656010,7867860,11861395,10550085,6377735,8106280,8225490,8344700,7808255,7271810
3200,774865,1668940,3814720,-2145780,1847755,4112745,2682225,7927465,2026570,1609335,834470,417235,5424055,1966965,-357630,2026570,3755115,-417235,1251705,5602870,3755115,1192100,3993535,-2026570,3099460,-20742540,2980250,3218670,4529980,894075,2086175,1788150,2145780,2563015,3159065,3814720,59605,238420,298025,5662475,3278275,4351165,2801435,1966965,715260,2384200,4112745,2682225,4231955,1490125,1370915,3635905,5185635,5126030,2384200,1668940,1490125,536445,1549730,1788150
3300,-1132495,-1370915,-1966965,-7987070,-834470,-1549730,-238420,9298380,-238420,-2563015,-1609335,655655,655655,-2861040,-357630,-774865,1490125,2384200,-1311310,178815,-238420,-2503410,596050,-1728545,-894075,-22351875,-1192100,-1072890,357630,119210,1370915,476840,-834470,-2563015,-476840,-2741830,-238420,1013285,-2622620,1788150,-834470,1370915,-357630,1251705,715260,-417235,-774865,357630,715260,-3218670,596050,-119210,1370915,298025,-357630,-2026570,-1072890,-4768400,-2503410,-2741830
3400,-655655,357630,-2920645,6616155,-2563015,-59605,1549730,10728900,1072890,-357630,-298025,596050,-238420,-178815,-298025,-2622620,-1072890,-1668940,1192100,-298025,3755115,-1251705,-357630,-2861040,1907360,-21100170,1072890,-1072890,-417235,834470,-298025,119210,-1490125,655655,-1430520,-1549730,655655,-1072890,-2264990,1370915,-834470,-1311310,-3218670,-417235,-655655,1907360,-2264990,-3755115,-417235,-1132495,357630,119210,-119210,-178815,834470,-2384200,417235,-3397485,1072890,-2205385
3500,2563015,2443805,5304845,7450625,2920645,2920645,3218670,8046675,834470,4172350,2026570,3576300,3635905,4768400,-476840,834470,3755115,6377735,5543265,4053140,3755115,3695510,4410770,5245240,3337880,-7033390,4410770,2920645,2622620,4231955,2503410,5722080,1728545,2980250,4172350,3039855,3874325,2622620,2324595,3755115,2563015,5543265,2264990,3457090,1847755,6139315,4231955,3933930,4053140,1549730,834470,3576300,3695510,3099460,4351165,1370915,2205385,3099460,3397485,1311310
3600,357630,238420,1192100,6496945,-2026570,119210,3516695,11444160,417235,-357630,-1311310,2205385,-1311310,655655,119210,1192100,238420,4231955,1549730,774865,4768400,2026570,2086175,3516695,-238420,-894075,1907360,2980250,-834470,119210,834470,4470375,238420,1966965,1847755,-178815,-596050,-1013285,1072890,655655,-655655,3516695,715260,3814720,59605,1847755,2920645,1728545,655655,894075,298025,596050,238420,119210,1251705,-536445,596050,1490125,-596050,-774865
3700,655655,2503410,3516695,-715260,417235,2324595,1907360,-1668940,2861040,3814720,953680,4470375,357630,298025,59605,2801435,1609335,3159065,-1311310,3933930,6675760,-357630,1847755,3933930,4291560,5841290,3218670,6318130,417235,774865,715260,3933930,2264990,2264990,298025,178815,-655655,1132495,2443805,2086175,1788150,2205385,3337880,3576300,-59605,1311310,2563015,2682225,-536445,1609335,536445,2622620,655655,1728545,-178815,596050,2384200,2801435,-59605,1490125
3800,1132495,417235,-536445,-6616155,417235,417235,298025,-4053140,3993535,298025,834470,238420,1370915,-894075,-238420,953680,3695510,2920645,-2205385,1609335,2920645,3576300,2980250,4828005,3278275,-8761935,2503410,3695510,-536445,1072890,-59605,3635905,1907360,-59605,1788150,774865,-238420,3933930,2622620,2026570,1370915,1549730,1907360,119210,357630,3099460,476840,1609335,-1490125,1430520,3755115,2503410,1966965,476840,357630,774865,4172350,1609335,953680,2503410
3900,1013285,1907360,-238420,-8642725,-1668940,417235,2264990,-18119920,-596050,417235,1013285,-178815,2384200,1251705,0,894075,596050,1192100,-178815,178815,894075,-59605,-417235,4529980,5364450,-14066780,1847755,2920645,476840,4708795,-178815,3457090,-178815,894075,655655,2086175,-298025,417235,2205385,1311310,3457090,476840,1549730,119210,2980250,-953680,298025,894075,1907360,-476840,3099460,-894075,1668940,-2801435,-238420,1311310,-298025,2205385,-1966965,2682225
4000,-3635905,-3933930,-834470,-6556550,-3397485,-4708795,-834470,-14901250,-5483660,-2384200,-1192100,-7510230,-2086175,-5006820,-1013285,-3874325,-2920645,-3516695,-1966965,-4768400,-1192100,-3576300,-5543265,-4708795,-2384200,-29146845,-1907360,-1311310,-4947215,-2563015,-2980250,-2264990,-1251705,-7271810,-3397485,-2205385,-4768400,-4470375,-4529980,-2801435,-2264990,-3159065,-3576300,-3874325,-2741830,-2443805,-1490125,-5543265,-5900895,-4172350,-1192100,-3933930,-3635905,-3159065,-4410770,-2026570,-2861040,-3695510,-3278275,-2145780
4100,-11444160,-10550085,-9834825,-7569835,-8702330,-8940750,-8523515,-14722435,-7152600,-9298380,-7987070,-9715615,-6318130,-8404305,-953680,-8404305,-7748650,-6794970,-6258525,-7808255,-9238775,-7152600,-11026925,-9894430,-7808255,-42975205,-6973785,-8881145,-7331415,-9059960,-5900895,-7092995,-5722080,-12338235,-8344700,-8761935,-9596405,-9417590,-8165885,-7569835,-7748650,-7629440,-10430875,-8881145,-8821540,-6318130,-5722080,-8285095,-12099815,-9536800,-8463910,-10073245,-9119565,-7748650,-11444160,-7867860,-8225490,-10132850,-7689045,-6675760
4200,3695510,3099460,4649190,-715260,5424055,7212205,5543265,12219025,5602870,5781685,5662475,4470375,6079710,2920645,-1251705,3516695,6973785,3397485,6020105,4947215,3039855,5781685,5006820,6616155,5006820,-23484370,3993535,4589585,7271810,5722080,7629440,6854575,7212205,4172350,7033390,5006820,596050,2443805,4708795,4053140,6556550,3635905,7331415,596050,4708795,5126030,5483660,7689045,3159065,3874325,3755115,3695510,3635905,2503410,2264990,3635905,4470375,5483660,2563015,6616155
4300,2980250,4410770,3337880,10669295,2324595,5602870,6496945,16927820,953680,4589585,2801435,2384200,5543265,2086175,-2324595,3457090,7450625,2801435,4410770,3337880,4768400,6556550,4649190,4231955,4470375,-14484015,5066425,3099460,7152600,4828005,5900895,2622620,4768400,7271810,6496945,4053140,4410770,3993535,4529980,4470375,3635905,2324595,4291560,2324595,4649190,6020105,3039855,4649190,3039855,894075,2205385,2443805,-417235,2563015,4053140,2741830,-119210,2801435,2741830,3278275
4400,4887610,4708795,5185635,2145780,6794970,5543265,3278275,4053140,6198920,7152600,5960500,6437340,4172350,3695510,-1370915,6318130,7927465,4410770,6198920,9059960,7987070,7927465,7391020,6675760,6675760,-11563370,6794970,5424055,6318130,6258525,7689045,4351165,8463910,8165885,6437340,6318130,6973785,7033390,4708795,5602870,4589585,9179170,8106280,4947215,6437340,8285095,7271810,4589585,5543265,5543265,7510230,6079710,5364450,4410770,4828005,5006820,6496945,3397485,7569835,7808255
4500,5126030,1847755,4112745,6914180,1192100,2205385,-1072890,-12993890,2861040,6258525,2980250,2563015,3278275,2801435,-238420,4470375,4529980,2622620,2563015,6794970,4768400,1609335,4112745,3874325,238420,-14960855,4351165,3218670,3695510,2980250,4947215,5424055,4887610,5841290,5543265,3159065,5126030,2026570,2980250,2026570,894075,5245240,4947215,2145780,1966965,3457090,4828005,3218670,4053140,3099460,6914180,3635905,5543265,1490125,2324595,4887610,1668940,1311310,6079710,3278275
4600,-476840,-3695510,834470,119210,-2205385,-536445,-834470,-7987070,-2563015,774865,-3576300,-2026570,-834470,-1668940,-774865,-1132495,1788150,894075,-59605,-953680,-1847755,-1072890,-298025,-2443805,-2682225,-22709505,-834470,-476840,119210,-238420,-2086175,953680,2086175,-1966965,894075,119210,-1847755,476840,357630,-357630,-2384200,-1490125,3159065,238420,119210,-1013285,476840,-357630,1549730,596050,1728545,-1132495,1370915,-298025,-476840,1907360,-834470,-536445,1788150,238420
4700,2384200,715260,-59605,6556550,357630,1132495,1966965,-8821540,1251705,2443805,1788150,-655655,2741830,953680,-1370915,2205385,5424055,834470,-238420,-119210,1728545,655655,119210,2443805,1072890,-9357985,2026570,774865,3099460,3159065,-238420,4351165,4291560,-298025,1072890,1907360,596050,1430520,1072890,2920645,2980250,1251705,1847755,-715260,1192100,2443805,3874325,1907360,2026570,2264990,4172350,357630,3099460,2086175,3159065,2980250,1907360,-59605,5424055,1251705
4800,-596050,-1370915,-1907360,-5841290,-1132495,-894075,596050,-7212205,-4112745,-3695510,-2145780,-3397485,-1490125,-2205385,-834470,-1490125,-2205385,-2801435,-1370915,-298025,-1490125,-2682225,-357630,1966965,1847755,-7867860,-1311310,-1132495,-1788150,1430520,-1370915,-2086175,119210,-1311310,-2920645,-3337880,-2741830,-4112745,-3814720,-3218670,-3635905,-953680,-1728545,-3576300,-2026570,-536445,-3337880,-2205385,-2324595,-2264990,-59605,0,-715260,-417235,-119210,-2145780,59605,-2503410,-119210,-4947215
4900,-1728545,-2264990,-238420,2205385,-417235,-3576300,1668940,-12576655,-1966965,119210,-59605,1311310,-238420,-476840,-774865,-2622620,-1490125,1132495,-2503410,-357630,715260,1609335,476840,2920645,-1490125,-17523870,-2682225,1490125,-1132495,834470,1072890,-536445,-2086175,-1966965,-1966965,-476840,-2741830,-1847755,-3159065,-1311310,-2324595,-2324595,-2622620,-1609335,-1311310,0,-2861040,-1609335,-3993535,-1013285,-894075,-2622620,238420,-1251705,-1370915,-1370915,-2443805,-2026570,-1549730,-1430520
5000,119210,-1072890,834470,14543620,-476840,1370915,1609335,-17762290,59605,-476840,2741830,596050,-596050,536445,-1549730,357630,1430520,-2205385,1013285,-2205385,1609335,1311310,1430520,-119210,1192100,-13291915,-1728545,-655655,-1013285,1728545,536445,1847755,59605,59605,-834470,357630,-2741830,774865,715260,476840,-536445,-953680,-476840,-178815,-417235,119210,-596050,-1966965,476840,-715260,-298025,417235,417235,-298025,357630,119210,-238420,-417235,-2384200,-59605
5100,1132495,59605,1430520,5960500,2920645,536445,5960500,-15974140,596050,-59605,2264990,3457090,3695510,-655655,-476840,1072890,3755115,1072890,3039855,953680,5781685,3039855,3278275,2145780,2264990,-14007175,2563015,596050,1311310,5126030,1668940,119210,2980250,4708795,2861040,953680,834470,4351165,1311310,3099460,2801435,2801435,4291560,2264990,3635905,1192100,953680,2145780,1966965,1132495,2682225,1847755,1788150,4112745,894075,2503410,4291560,3814720,1430520,3039855
5200,-7212205,-10311665,-7331415,-6198920,-7987070,-11026925,-6318130,-13232310,-8285095,-9715615,-9238775,-9059960,-6258525,-5483660,-298025,-9000355,-10728900,-7331415,-6020105,-8404305,-6198920,-9954035,-6258525,-8821540,-7391020,-22351875,-6616155,-8106280,-7092995,-6020105,-7092995,-7033390,-10907715,-6258525,-8046675,-9775220,-8165885,-5722080,-9119565,-7569835,-6496945,-8821540,-8642725,-8761935,-7629440,-7092995,-6914180,-8344700,-8881145,-10252060,-8821540,-9119565,-7212205,-7629440,-4589585,-6437340,-7212205,-8761935,-8940750,-5185635
5300,-9536800,-9834825,-11205740,-9954035,-11801790,-11563370,-12099815,-26106990,-9238775,-9179170,-8046675,-10311665,-9000355,-11026925,-476840,-11503765,-13172705,-9656010,-12457445,-9954035,-8285095,-10609690,-8285095,-11801790,-9000355,-30279340,-9715615,-10848110,-10609690,-9715615,-10430875,-8642725,-9775220,-8940750,-9894430,-10430875,-11801790,-9000355,-10073245,-10728900,-8881145,-11622975,-9656010,-10252060,-11503765,-7867860,-10609690,-8642725,-10311665,-9179170,-11682580,-9596405,-8463910,-10430875,-9536800,-8046675,-9715615,-10609690,-10252060,-10430875
5400,894075,0,-655655,-5841290,1609335,1668940,-1311310,1430520,655655,417235,2145780,1728545,-238420,119210,-894075,1788150,1847755,834470,3218670,1430520,2861040,894075,774865,0,834470,-19550440,2086175,2980250,2145780,-655655,-1430520,3278275,-1490125,476840,715260,-178815,1430520,2324595,-894075,-536445,2026570,2264990,2682225,3516695,536445,834470,-1668940,3576300,1013285,3337880,-834470,-298025,1549730,2503410,-119210,536445,3159065,2503410,1966965,238420
5500,-953680,-1013285,1192100,6377735,298025,0,2026570,-6258525,59605,-1966965,238420,-894075,-655655,1490125,119210,3397485,1847755,3874325,-238420,1549730,834470,834470,1490125,-238420,2145780,-14245595,-715260,2503410,1907360,-536445,119210,2145780,-1668940,3099460,2324595,119210,774865,-894075,1072890,-1430520,2264990,4231955,1490125,-178815,-834470,1132495,1370915,2086175,1370915,-1847755,476840,774865,3099460,119210,3039855,1132495,298025,-834470,178815,-894075
5600,3993535,5543265,4649190,9059960,3397485,3278275,4649190,1728545,4351165,2682225,5066425,5841290,3874325,4649190,-834470,4291560,5543265,7629440,3695510,3874325,5364450,5126030,4589585,7331415,7689045,-14066780,5304845,7808255,4291560,6079710,4231955,4649190,2920645,6616155,6616155,3099460,5662475,8165885,6556550,3933930,5245240,5900895,4172350,5304845,3576300,7391020,4649190,5364450,5662475,4828005,5006820,4172350,6854575,5483660,6377735,6675760,4112745,5364450,4947215,2324595
5700,2324595,3695510,5006820,1966965,6258525,5006820,6496945,8344700,3993535,7212205,3576300,5364450,2384200,1728545,357630,596050,5662475,3755115,-178815,2205385,6020105,3337880,5722080,3099460,6973785,-8702330,6318130,3814720,2264990,2145780,4410770,3218670,5602870,3159065,3695510,5126030,3933930,4529980,3695510,5483660,5602870,2205385,3755115,3337880,2741830,4649190,5483660,5662475,4887610,2324595,6616155,1370915,3635905,834470,5066425,4947215,6794970,1788150,3337880,3099460
5800,3993535,3457090,5900895,7510230,4470375,6794970,5364450,14364805,4470375,6258525,5781685,6079710,5245240,3635905,-298025,4887610,6973785,2861040,3993535,4053140,7271810,4410770,5185635,7867860,4828005,-12397840,7033390,5185635,5066425,6258525,5185635,6914180,8642725,6079710,4708795,4589585,3874325,5722080,4053140,6139315,4708795,3218670,5602870,3755115,3516695,4768400,5245240,7808255,6854575,3755115,4947215,5662475,6675760,4768400,3755115,3457090,5960500,4828005,4828005,4172350
5900,2026570,1192100,1668940,2324595,2622620,-774865,-3337880,16689400,417235,238420,-1907360,2801435,417235,1668940,-1847755,1192100,4172350,2443805,-476840,119210,-298025,-3695510,1013285,3397485,2026570,-30577365,3039855,119210,417235,0,1728545,-715260,3397485,0,1370915,715260,536445,715260,655655,3039855,-476840,1549730,-178815,-238420,-536445,1430520,1728545,1013285,1966965,3099460,298025,1549730,3099460,2443805,953680,655655,3576300,-357630,2384200,1430520
6000,3099460,953680,1728545,-5602870,2861040,1430520,2741830,12099815,3218670,1430520,596050,1907360,-834470,-119210,357630,2443805,417235,3337880,774865,59605,4112745,357630,4172350,5185635,1311310,-14960855,178815,298025,1192100,1132495,1192100,1370915,3099460,-417235,2264990,1728545,-953680,5781685,6079710,4768400,536445,3576300,1072890,-774865,417235,715260,5960500,4529980,2205385,1907360,-1847755,1549730,5722080,2384200,1728545,0,3755115,655655,3218670,834470
6100,1132495,834470,0,-8225490,1788150,2741830,2086175,23245950,1668940,1847755,2205385,4589585,2026570,1847755,2026570,2920645,-536445,3814720,2086175,1966965,4708795,178815,1966965,3933930,3397485,-6556550,596050,2384200,1966965,4112745,655655,-1549730,1311310,2920645,1549730,-357630,536445,2503410,3755115,1311310,2980250,2622620,2801435,-596050,-536445,2026570,3814720,3993535,178815,1668940,-178815,1490125,3039855,2741830,596050,2980250,2026570,-953680,2324595,-357630
6200,476840,-2264990,0,-4947215,2026570,-1072890,-536445,18835180,417235,894075,-774865,-834470,-1311310,-1311310,1013285,1549730,-3039855,3278275,-834470,-1013285,3099460,-1311310,1013285,596050,-774865,-10609690,1847755,-715260,0,-417235,-1907360,-1072890,536445,-2980250,1490125,1013285,1370915,-1728545,417235,-1549730,-59605,894075,953680,-3039855,-2980250,-1966965,2205385,-298025,-1072890,2324595,1728545,-1311310,-1251705,-1430520,2324595,-1311310,119210,894075,357630,774865
6300,2145780,-536445,1013285,6735365,3695510,1728545,2503410,4529980,2741830,1192100,1907360,1311310,-834470,-59605,298025,1132495,1370915,2503410,-1013285,-1668940,476840,2563015,2622620,-2384200,5364450,2324595,2801435,1847755,1966965,834470,3278275,2682225,-178815,1966965,1668940,3993535,1847755,-2622620,59605,2145780,596050,1609335,1966965,-298025,-1847755,2384200,3278275,1430520,834470,2741830,1788150,1847755,2980250,2622620,2264990,3218670,2443805,3278275,4231955,1609335
6400,-1251705,-2622620,-1311310,-3635905,-1728545,596050,178815,2622620,-1966965,476840,1788150,178815,-2741830,-298025,0,-1668940,1430520,-596050,-2503410,-2682225,-59605,-3099460,-1788150,-4470375,59605,-3159065,298025,-1013285,-1013285,-894075,-715260,-1013285,953680,1072890,-2682225,1907360,-417235,298025,-3635905,1013285,-655655,-2563015,-536445,-655655,-655655,-238420,-238420,-774865,-1490125,-596050,-1549730,-1668940,-1192100,-2563015,-1430520,3099460,-119210,1549730,476840,-1192100
6500,-298025,-894075,-1907360,7092995,298025,-2086175,536445,3874325,-1966965,596050,-119210,-1013285,-1251705,1311310,238420,238420,715260,238420,-3397485,655655,-2682225,-2622620,-2384200,-3755115,-774865,-18537155,596050,298025,-774865,-3635905,-2026570,-2443805,2384200,-2861040,-536445,2503410,-596050,3993535,-1549730,-715260,-715260,536445,-2026570,-2145780,-953680,-1609335,476840,-1728545,2384200,1251705,476840,-1370915,238420,-834470,-1311310,357630,-1251705,-655655,-715260,-3159065
6600,536445,715260,-238420,-8285095,5543265,1847755,4291560,-9954035,-715260,834470,3516695,1549730,2145780,3397485,-119210,-1013285,774865,2741830,1847755,5960500,3218670,2026570,3814720,4172350,4291560,-11682580,3457090,0,834470,596050,1609335,2622620,2563015,2384200,536445,4708795,-1430520,2861040,3993535,-238420,1847755,2384200,2622620,2443805,655655,1966965,1549730,834470,3516695,1847755,2682225,1072890,1668940,2741830,-119210,1072890,1072890,2622620,2384200,-1370915
6700,5483660,4112745,3993535,2563015,5424055,4231955,6258525,-2980250,2741830,3576300,6854575,5185635,2741830,6854575,-1609335,3397485,5722080,7748650,2861040,5424055,3635905,6735365,8106280,7152600,3874325,-5602870,3337880,6020105,7510230,5245240,4231955,3933930,3874325,4053140,3576300,7808255,3159065,6079710,5304845,4887610,4112745,6437340,5304845,4231955,4470375,5126030,7092995,7331415,8583120,3039855,5662475,6556550,3814720,5960500,5066425,3457090,5245240,5960500,4231955,3099460
6800,-596050,-3933930,-4351165,-5185635,-1549730,-596050,-5781685,-8225490,-3278275,-1251705,-1549730,-1430520,-1609335,-1549730,-2503410,-1192100,-2145780,-238420,-1430520,-2622620,-1788150,2741830,-834470,0,-6377735,-11205740,-2563015,-1192100,-3397485,-1847755,-298025,-2086175,-3337880,-298025,-536445,-59605,-2622620,417235,-1132495,1668940,-1370915,-3933930,-596050,-3695510,-2861040,-3755115,-2205385,-1132495,-2741830,-5900895,-4470375,119210,-1490125,-1609335,-2682225,-3039855,-476840,-2801435,-1311310,-3635905
6900,-774865,-2264990,-1251705,-3576300,-1251705,-59605,-3039855,-715260,-774865,-894075,1370915,-5662475,238420,-2264990,-238420,-953680,-3159065,119210,-3218670,-2086175,59605,-238420,-1192100,715260,-1728545,-11444160,-2563015,-4589585,-3457090,-5006820,-1549730,-5006820,-238420,-3278275,357630,536445,-2205385,59605,-3397485,1311310,-1013285,-2741830,-894075,-3814720,-2205385,-2980250,-3457090,-1132495,-1668940,-2861040,-2384200,-2145780,-1490125,-2145780,-4112745,-2622620,-2086175,-2503410,119210,-1132495
7000,4231955,3278275,-357630,4887610,2563015,4053140,2861040,16808610,3278275,1072890,1192100,-894075,1549730,3218670,-536445,2861040,4768400,3397485,3159065,1549730,3039855,4053140,4589585,2503410,4231955,1132495,4053140,3516695,2980250,774865,1311310,2563015,2086175,1192100,4231955,6675760,953680,4649190,2682225,6377735,2861040,-1430520,357630,3039855,3218670,3695510,2920645,2205385,1430520,3337880,1847755,1728545,1192100,4053140,1013285,4768400,4768400,1966965,3516695,4887610
7100,59605,298025,-3337880,1668940,1072890,1430520,-1192100,13172705,-536445,-1490125,2086175,-1966965,1847755,894075,-1072890,238420,1907360,953680,2682225,1609335,953680,-1013285,1013285,5364450,-1609335,10132850,894075,1668940,2145780,2086175,-3099460,1907360,1132495,59605,3397485,2861040,476840,894075,-2205385,1192100,2563015,178815,2264990,1192100,1549730,2622620,357630,596050,1132495,1192100,2205385,1609335,417235,4649190,-1132495,1251705,-59605,655655,476840,2622620
7200,5841290,774865,2145780,1072890,2563015,3278275,-357630,357630,4231955,1072890,3576300,5483660,4529980,6198920,-1311310,3993535,3635905,4053140,4589585,3933930,5066425,4351165,6020105,5722080,2145780,-4947215,2384200,2324595,2563015,2443805,1788150,3993535,3695510,3874325,4291560,2384200,3457090,4470375,1370915,2622620,4589585,3397485,2563015,3397485,4410770,2920645,1907360,5304845,3933930,2443805,4351165,2324595,4291560,4470375,2622620,4291560,3099460,4649190,4470375,3039855
7300,-2145780,-3874325,-2503410,-12755470,-1370915,-2264990,-2205385,-10132850,-1490125,-3457090,-2443805,-4172350,-3278275,-1132495,-655655,-5245240,-536445,-3039855,-834470,-2086175,-1370915,-1549730,-2801435,-2324595,-4351165,-11205740,-3874325,-3457090,-3695510,-2205385,-1072890,-3039855,-1788150,-2443805,-3159065,-3159065,-1668940,-298025,-3933930,-1013285,-5185635,-1072890,-1847755,-1907360,-3695510,-476840,-4112745,119210,-3218670,-298025,-2563015,-3993535,-1668940,-4231955,-1728545,-4172350,-2801435,-2384200,-4470375,-1609335
7400,-15616510,-15497300,-15854930,-13291915,-13589940,-15676115,-16212560,-29802500,-15020460,-15378090,-14245595,-14066780,-15318485,-15914535,0,-16152955,-11980605,-13768755,-14305200,-14305200,-14245595,-14126385,-13351520,-16689400,-15199275,-47445580,-14603225,-15735720,-14722435,-15378090,-14364805,-14305200,-10550085,-14364805,-13649545,-14245595,-15854930,-14960855,-15020460,-14007175,-14603225,-14305200,-13351520,-14603225,-16749005,-13291915,-15080065,-14245595,-14126385,-14185990,-16629795,-19133205,-15556905,-14960855,-15378090,-15378090,-13291915,-15020460,-16212560,-13291915
7500,-30994600,-32007885,-30279340,-30219735,-30398550,-30458155,-28133560,-53048450,-30100525,-30636970,-30756180,-31411835,-32425120,-29683290,476840,-31233020,-29146845,-29742895,-26524225,-27120275,-30458155,-26106990,-28908425,-32305910,-28371980,-100017190,-29921710,-30875390,-28789215,-31233020,-30100525,-29862105,-29683290,-30577365,-28610400,-27954745,-29146845,-31471440,-27239485,-29385265,-29146845,-29802500,-31352230,-29385265,-31411835,-31113810,-29564080,-28968030,-30696575,-31054205,-32544330,-31471440,-29802500,-30875390,-32723145,-30160130,-27597115,-29087240,-28491190,-28312375
7600,-953680,-178815,-3933930,-9417590,-238420,119210,-715260,-17821895,357630,-1907360,-1966965,-894075,-1311310,-2980250,-59605,-953680,178815,1430520,-596050,-655655,3039855,834470,0,-2086175,-2205385,-74446645,-2086175,-2384200,-2443805,1132495,-1788150,-1192100,-2086175,-774865,1132495,596050,536445,-1609335,-357630,-1490125,-1788150,715260,-1847755,-1728545,-2682225,-1013285,-1192100,-1311310,-1370915,-1966965,-1490125,-1668940,-2622620,-3397485,-1549730,-1132495,476840,-596050,-834470,834470
7700,9119565,9238775,9477195,11682580,9179170,8344700,11742185,8583120,9000355,6556550,8285095,8642725,10490480,8761935,-1430520,7569835,8761935,12457445,10073245,8881145,12159420,11265345,11146135,10669295,10728900,-57757245,8821540,7748650,10550085,10371270,7152600,8940750,11205740,9119565,9954035,10490480,9059960,9536800,9179170,9596405,11921000,10728900,9536800,12099815,9954035,9298380,11026925,8225490,10430875,8463910,10848110,8702330,7569835,8106280,9954035,8106280,10669295,11444160,10669295,9298380
7800,9238775,6377735,7808255,6914180,5900895,8285095,9059960,20444515,9238775,6377735,7450625,8285095,11801790,10192455,1072890,7748650,10311665,11921000,10848110,9536800,8881145,13709150,6973785,11086530,8761935,-34451690,7271810,9536800,8106280,9834825,9536800,8881145,10073245,11086530,9000355,6496945,6139315,10013640,8344700,9834825,9238775,10311665,9536800,7987070,11742185,8761935,9000355,6914180,8463910,7867860,11265345,8761935,10490480,10252060,8761935,8344700,9894430,9238775,6020105,7092995
7900,13232310,10013640,12815075,12338235,11444160,11921000,11324950,20682935,12695865,11324950,13351520,9179170,11563370,13649545,894075,12576655,14126385,11980605,10669295,9834825,12874680,13530335,12338235,13887965,11622975,-25332125,10252060,13232310,13589940,13053495,12219025,11742185,10669295,10490480,10550085,8940750,10073245,11742185,10550085,14245595,12099815,12099815,10967320,14126385,11861395,13828360,12934285,10490480,12755470,12338235,9954035,12576655,12934285,12040210,10788505,12993890,11801790,9477195,10728900,11861395
8000,7808255,8583120,10669295,12278630,10192455,10013640,8940750,23186345,9477195,6496945,10192455,9119565,9894430,9119565,-596050,7689045,10967320,9357985,9238775,9298380,10609690,10967320,9238775,8761935,8404305,-19729255,8106280,10013640,8285095,7927465,9119565,8642725,7867860,8106280,8046675,6794970,6675760,8702330,8642725,7510230,11503765,9954035,7391020,8046675,7808255,8881145,10907715,7033390,8463910,10609690,9417590,9357985,8881145,8165885,9357985,10132850,8404305,6735365,9179170,9954035
8100,3635905,2682225,5602870,10788505,4649190,2741830,3933930,18417945,953680,4410770,6735365,4231955,4410770,4768400,0,6020105,4589585,5781685,5245240,4410770,5900895,7987070,4053140,4470375,5066425,-15020460,5006820,4768400,4410770,3874325,7152600,5483660,5543265,2861040,2264990,3337880,1907360,1192100,3218670,3457090,3457090,2026570,3039855,3874325,4351165,4828005,4947215,2086175,1490125,5304845,5602870,1132495,5364450,2324595,4589585,4887610,5185635,2563015,5900895,4589585
8200,3457090,894075,5662475,6020105,5304845,6973785,1668940,6616155,4112745,1668940,6616155,4053140,4231955,1013285,476840,4589585,7331415,6198920,4708795,4947215,5662475,4768400,3337880,4410770,3874325,-22292270,2920645,4351165,3516695,3814720,4529980,4708795,3159065,3337880,4351165,4708795,2384200,-178815,2682225,3933930,3874325,4112745,4291560,4470375,4828005,3039855,4351165,3695510,3576300,1311310,2801435,3039855,3278275,1549730,3516695,3814720,5841290,3337880,3218670,3755115
8300,3516695,-715260,1072890,-8106280,894075,178815,1728545,6973785,-953680,1192100,476840,238420,1490125,2503410,-476840,1311310,2384200,-178815,3576300,1907360,1490125,655655,3993535,596050,1549730,-14603225,1907360,1370915,774865,0,-238420,1728545,-178815,2086175,1788150,1311310,417235,59605,953680,-1072890,1549730,1609335,894075,298025,1668940,1192100,357630,1251705,1370915,-1549730,357630,-774865,-1311310,119210,-536445,1549730,3159065,-59605,1192100,3218670
8400,4291560,2622620,2920645,4708795,2264990,4053140,6854575,16331770,3516695,2861040,1668940,4470375,4112745,4112745,-536445,5364450,5722080,834470,2980250,4649190,6675760,3576300,5185635,3039855,2503410,-6020105,3039855,3814720,2980250,3039855,2026570,2801435,5066425,2622620,4231955,3576300,4887610,2503410,3039855,3099460,4112745,1132495,3159065,476840,3039855,2801435,3397485,1966965,4231955,3695510,1907360,1907360,3516695,2741830,3576300,3874325,5483660,4529980,4172350,4589585
8500,1609335,-1132495,-2682225,5006820,-59605,1013285,-1549730,178815,-1668940,-1072890,238420,-2741830,5066425,-2324595,0,119210,-357630,-774865,0,-2443805,-536445,-119210,-119210,-2026570,-3218670,-16629795,-536445,-357630,1132495,536445,-953680,119210,-1370915,-2264990,1907360,-1072890,2384200,-1907360,357630,-2384200,-1847755,-119210,-1311310,-1847755,-1013285,178815,-476840,596050,-953680,2264990,-238420,-1132495,-476840,-1788150,-715260,-417235,-1430520,-894075,-536445,1668940
8600,-3516695,-7152600,-4708795,3814720,-5126030,-5066425,-6616155,-19729255,-4589585,-2980250,-3218670,-5602870,-1549730,-5662475,-298025,-4172350,-7152600,-715260,-5066425,-4947215,-5185635,-5781685,-3397485,-3516695,-4708795,-20265700,-3516695,-5126030,-715260,-3635905,-6556550,-4768400,-3457090,-5722080,-4768400,-3397485,-1907360,-2264990,-4410770,-5841290,-4291560,-2861040,-5066425,-5483660,-5006820,-2682225,-4529980,-2801435,-1430520,-655655,-3635905,-4947215,-5245240,-4947215,-4649190,-3993535,-5304845,-6675760,-5304845,-4529980
8700,-23186345,-22411480,-22232665,-22530690,-20802145,-24080420,-25153310,-49174125,-22173060,-20384910,-20980960,-20921355,-21934640,-21159775,238420,-19729255,-18656365,-19431230,-25272520,-19371625,-19490835,-20384910,-18596760,-19252415,-22173060,-58234085,-21398195,-20682935,-21398195,-19192810,-20206095,-24020815,-19848465,-21815430,-20682935,-18060315,-20027280,-20325305,-21577010,-21040565,-20444515,-21875035,-21577010,-22590295,-21278985,-18179525,-20921355,-21040565,-20265700,-21577010,-22113455,-23424765,-22769110,-24676470,-24199630,-20742540,-22888320,-21755825,-23365160,-23186345
8800,-2086175,-1728545,-4410770,-3159065,-238420,1728545,953680,-20563725,-2622620,-2443805,-357630,-2861040,-1549730,715260,-715260,-1966965,1966965,357630,-1132495,1549730,536445,417235,2801435,3814720,-2145780,-40769820,-2682225,-119210,-476840,-536445,-1847755,-1192100,1847755,-3039855,-1549730,-1668940,-357630,417235,-536445,-2801435,-1430520,-1966965,-1668940,894075,417235,2026570,1072890,-1311310,-1788150,-2086175,-3516695,-1668940,-3516695,-4231955,-3695510,-2682225,-894075,-3397485,-5006820,1549730
8900,5543265,5781685,5245240,7808255,5960500,6496945,6556550,-3695510,4231955,4053140,4529980,4112745,6616155,3516695,-1251705,7212205,6735365,6854575,8583120,9357985,6854575,7391020,3457090,6258525,5126030,-32305910,6616155,6079710,6735365,6198920,7748650,7987070,6556550,4410770,6556550,6556550,4649190,8285095,7212205,7391020,4589585,6079710,4828005,5602870,5900895,5602870,7569835,6198920,5900895,5841290,7748650,4351165,3337880,4768400,3516695,5066425,2145780,4112745,3397485,5781685
9000,-36478260,-37431940,-34511295,-36537865,-37193520,-35464975,-33498010,-51796745,-36537865,-37551150,-34630505,-36537865,-34451690,-38445225,-774865,-34868925,-33319195,-36180235,-35763000,-33855640,-32603935,-35226555,-34928530,-36537865,-37729965,-104487565,-34272875,-36299445,-36537865,-36001420,-37849175,-34809320,-34988135,-35822605,-34392085,-35763000,-35941815,-36299445,-35941815,-35226555,-35524580,-36776285,-35703395,-39994955,-36478260,-38385620,-33498010,-37372335,-35286160,-36001420,-34809320,-36478260,-37312730,-35643790,-36061025,-36597470,-36001420,-37193520,-38206805,-35584185
9100,-17285450,-17285450,-16152955,-28848820,-15199275,-19252415,-16272165,-35524580,-16093350,-16689400,-16927820,-16689400,-13351520,-16033745,894075,-14662830,-15199275,-14007175,-16391375,-13291915,-13649545,-14603225,-14126385,-17583475,-17941105,-131786655,-13887965,-15556905,-13411125,-16927820,-16450980,-13291915,-16272165,-16629795,-14245595,-16450980,-17821895,-16987425,-17106635,-16391375,-14603225,-15318485,-14424410,-18000710,-16689400,-15497300,-17583475,-16331770,-16093350,-15854930,-15020460,-15139670,-14007175,-15378090,-15735720,-12457445,-16093350,-17345055,-17047030,-13113100
9200,11622975,8523515,10371270,18477550,9417590,11921000,10490480,-2741830,9894430,10490480,9775220,11086530,11980605,10371270,357630,11742185,14066780,10311665,8463910,14782040,10013640,13589940,12159420,12874680,13530335,-87380930,10907715,13351520,11980605,12338235,10907715,12040210,12576655,11265345,11086530,11324950,9298380,8940750,8463910,8225490,9119565,9417590,11086530,10967320,8821540,11086530,8404305,10967320,7689045,10669295,10192455,11801790,10728900,10967320,9596405,11384555,12159420,10669295,11324950,10848110
9300,14007175,14960855,13470730,18179525,9238775,16093350,14603225,24855285,14364805,12397840,13947570,11205740,12338235,12397840,357630,14424410,14782040,14364805,14484015,16272165,15080065,14901250,15080065,15974140,17106635,-66161550,14305200,13768755,13291915,12695865,12397840,14782040,14722435,14066780,11861395,11921000,12815075,14007175,14007175,14066780,12159420,12159420,15139670,12576655,13768755,12815075,13053495,13411125,10788505,13530335,15914535,16331770,12934285,14543620,13947570,15199275,15199275,11861395,14245595,11921000
9400,14126385,14245595,12934285,27895140,13589940,15497300,13172705,30577365,16987425,12993890,13768755,12815075,11861395,14185990,238420,13887965,17106635,14126385,14603225,16450980,17821895,16272165,16331770,18000710,15020460,-44048095,14722435,15318485,13887965,12934285,16093350,12517050,15616510,14364805,12815075,12517050,13768755,14007175,13113100,15437695,11444160,14126385,14007175,12517050,12874680,12457445,12338235,12576655,11861395,12576655,13172705,14066780,12874680,15199275,14901250,14901250,11622975,10371270,11801790,13232310
9500,11861395,7987070,8404305,11742185,7152600,7867860,10550085,31471440,10430875,10967320,9834825,8523515,5662475,9715615,1847755,9238775,10073245,12636260,10013640,10728900,12517050,13113100,12517050,15318485,9894430,-33319195,9238775,9357985,10550085,9834825,9000355,9357985,11384555,9715615,9834825,9179170,8642725,7569835,7510230,10669295,7629440,8642725,9119565,7808255,7331415,9656010,7450625,10728900,10013640,10013640,9477195,10848110,10311665,11265345,9834825,10311665,8523515,8642725,8463910,9715615
9600,12576655,6616155,9596405,9238775,10192455,5304845,13351520,18596760,9775220,9179170,10788505,11026925,12517050,9656010,357630,10609690,10609690,9357985,12338235,9715615,15616510,12874680,12099815,7927465,12099815,-30279340,8404305,8046675,11384555,9119565,7569835,10728900,11503765,10073245,10907715,11265345,10132850,10848110,9417590,10609690,9059960,11265345,11026925,11801790,9834825,10788505,11205740,9477195,8642725,10967320,9238775,11622975,8165885,10311665,9357985,11563370,13172705,8225490,9477195,8225490
9700,1668940,-1728545,59605,-1728545,3218670,-1609335,953680,17821895,1132495,-2861040,119210,715260,2563015,834470,1013285,1072890,2145780,-2563015,-357630,1549730,4053140,-715260,1728545,1251705,715260,-33557615,-59605,-2205385,2980250,-178815,-1728545,298025,357630,894075,238420,-178815,-596050,-4172350,-1013285,-774865,-119210,-536445,-1251705,0,-655655,-1549730,298025,-1609335,1609335,59605,-119210,-1072890,834470,-2324595,-476840,-178815,-417235,-774865,655655,-3337880
9800,3814720,2682225,1668940,12636260,5602870,6258525,4112745,19550440,5483660,4053140,5245240,4231955,3516695,5483660,-178815,6377735,3933930,2741830,3457090,6735365,9357985,5483660,1788150,5781685,2861040,-36478260,2443805,2682225,2384200,2563015,1609335,2622620,3337880,5662475,3755115,4410770,2920645,3337880,2801435,3397485,3933930,715260,2503410,4053140,2622620,4470375,2563015,894075,5066425,5543265,894075,1847755,2980250,4053140,3695510,3278275,3933930,4231955,3039855,1490125
9900,-298025,596050,417235,655655,1430520,59605,3039855,15437695,417235,-953680,1907360,655655,476840,2384200,-178815,1966965,5722080,1907360,3337880,1370915,3218670,3337880,2741830,3278275,655655,-33021170,2861040,1907360,4410770,2920645,2026570,953680,3576300,2801435,715260,-119210,2026570,-476840,3337880,834470,2026570,2324595,2682225,2861040,1132495,2443805,953680,2324595,1013285,2503410,-834470,-59605,596050,3695510,-59605,1847755,2861040,2801435,3099460,1668940
